Generated Sequence,Perplexity
IKALETKYAKRVAEREAREKEMEAKVAELERLRHEKKLEATRNWHERNKHFTCIHSFAVEAGAHRQHLLAQVQANIATEEQANLQKVMYFQIYELRNIGDNPVKELKWHKDLDTSHGQFWCVSKRGLFFLFLSPIR,19.6684
MAFSVTVKNGAVATGEDLKQLIGNDLKYVQSKIQSTFGTTTPWFKDQSYQRAYSVTRDNGNGATENVTYLVGATAATLPQIYLEHRANPNYVTFAANERVYDDPDTDGYLYRTILANGHDIIVADGSTDDFHGDGSTLTLQTGTDKYRYQLRISGRTAGFGTRSAAADLPSGHHTMSVVWRGGRHWNDSGTWYAHARKTITLEDGDDPDGQWDGGYIAFDF,17.6861
MERSRALLSSLGVCLALAGCQSTPDFLKLVGQQSDSGVVYLEFDPVTGNLAAPRTDGCAFDREVGLALLGDLTTKGAAARAKCGAYALLVFKPPWADTTGQGVLPAEYFTFARSPAKTVERWWRDEGAANTALADVFQDPALVLSEAGTVKSPTPHVDLAWSTARRKLFLLVNPNLSPPGKAWLAQYSCLTRPWRASLSLPPDTLVAGLDVVCASGLKLRDYVTLQQTKTGAQFTVRGGWT,17.5578
MRCIALFLLPCFAAASSSASCKISGSVKNGMITSSPGRSHSDFRFCFNKDQSSPGTYWFSPDGCYVDSAYCKSGYIPESGLSVVAYDKIRLARAPAPHYCGYPDDADHAWMSLDCCGVLAETYCDYCLGPTKKCLIGGCLNVRCYTGRLNRSIDCRESHCSRDCLCFDAKHAEYMAESPDKRDCLLALGECSC,19.6127
PPNSPDPADPEVRVVTLNTAGHRWEKPAPIRAALAGVEQLGDADIICLQETASLDERVPGFEAPRWDLAGVRRTTDSVCRVLGPAWSATADDQVTYRGPDEVVDTHALVVRRQPFPSDLVDWPYTGFVDLPHLGLYESIYAHGFGTEPPALELSKLRTSSWMAATTHLLRRGGVFESSPSLWRRCHLPGTDAEHVAAGGGGRPLRRLACLRGRVRGLSGGQWRFLAPAARRGERAGLVRAPR,17.0043
QATTGHYFQTLQTYTGYTTVLGAPAASSTVPPVGARCAAGISYINDDGVSALLVAYDGTSWDAVSGAGNTDFTNQVGAK,16.7672
MEFVDLVFVLLGSACNVFTVACGVYEPSFAHAFIHILALAVVPVFYAVYTRNWRVLVASNVVDIALVLYLLCVSSPDGGKYLTQAVNPVALACILLLEGYFFRVFIVDCFNQEMRAAPLLAPAVFFSFALSHATMVARVSVAGSIRKLIEMKFLPKWIYAKVLIGSMPISVRLRAVRQQVREESEITQGLLHSLDWFEWGAIVITMVRPGPPQIVCGSLATAALFSLLASACAKFVVFLRVHRQAIHRCCVFCRGIPPTPC,18.8802
MSDSVRSAAMTLRARPGMTAAEAAAEPGRLFPLQTHAEAQVDVLARDGGRCYVLTDEQVWVARRSPEGHCLAGLVRFLGLLAEEAGLGVSPPTWQGTWPGGAESQGWVRPGVWQLAVDGNHDAADEPDALLAAVRHAESVASSAADLARAIRISDGMAALADLMRDDHDLDPATSSRYTSRVARKVVQRERTASRVDAEAARLIAAIESTAEELRQNGAPHAA,17.2654
ALRFRDGSPAMGEEFHKCLCADLYTMHTGQGTPFGKISYAELTRGHKPKPHPKLNWTRDGDGADSVVFVRPAGSSADPKSLASASAWRSRGACVLFRLSAMDCKAEVMERVSNMFDAVLGHGFETAPLATCPATEAYLQALQVRRETAPRRQTCHVHTLPLPAVFSHGAIASSGCSFLPEHGGSGVDTVEWYFPPPQGFSGPLPMPDPVSGEFRTRAPAPAAAATEASCSWDAPTRSAAASAPAAPQVSAAPTTPAAAPATVTDPAATAGQTPVATAPAAAPAAASASAPAPAASSTAVS,18.986
MLVVRSGESSLTRRRFSRFGIRILINPISADSTKAGDFASALACMYTRFFPLRTETGAAGEPSAK,15.6761
AEGKISCEASQLIPSKVKKALEKVAHKKINVVPPLYGTRECKAHVGTVSRPVYVEVDEDCVLYAQSFSNITTNERVNTELHIVSDCDECALMVCEGGLETKMPDGIVPRVVVGQGLLYCVTKPSTVPPPAPPPPSPPPGFLKPPPSPPPPLAPPTSGATPPQPEASAPQPQWMDLVAMIEDIVNTYIPKPYGVETAAFLKYVANKAAYAAGRAWSDVQTVVVEIPGS,18.6213
MAWEWYMEDYWDSDIEQPLTNHMIDWLFNQIEGHAPISLDNQFIQLSDLVPKDIIPPYWISIDQNSMISLQRYPDQYEDILDDLSWNASLVEMRFLYFTAKHKQLFDKTNSDTAYMDTLDIESYDEQLITEALALF,23.44
MSAEEIVELEDFEPGGFWHGVKISLAILAVAFFALAFWQSWHYYDSAGQIRYFEIDKLKPEKWDSATGLFLLEILFPQKPQCF,18.9212
KSKLSFGTLLLPGLPSIGVSVIVRLKHGSDDITVPDDSNILLRCWTETWFVHNQWLKQQQLNERNQFQRSGSFQPRRLTDWSSSEKRFLVDNFRLCCFTPHCQGHEKVRVPIIRKYAFKGGKPQWQVRLAEDLDFENPADECAFLYFFQGEKLLRIRTNKFDSKRSCERIRTVDYGPGDVYFLLKNIAPTPVTIEWKEIEHGARSPKQIVLFWTKKGRKVAGVGSYPYIDFEVLKNKIHAYLSCPTHFTTRDCRIDAASFGAKTNSVLIAQTESLQGLFLHEGIPSPLR,18.8794
MIKILIENGFAKFAELNINTVKVKDLDGKEIGTVNSLTVGDGTVFTVIDVLCREKNCEVQ,16.5207
MLNATRTQITGGIDSASKKFHVQLFADSYNYGTKKNLRVRGLPVTASGGMDWEKPVGELWVTYDQDQSILYLDEKVATDSARMFFYDLPEWADPVEFSGTARLVTNDPYGCKYGLALQAYHVFGATPLNNFIYDDASQIGFANAFLAHSDYLAHRVFSVSLEDFNAAIEALMNTSFDYKVTVLDDQAAEVRAMVNSLTLEDSATVQKKVNRLDNTHIQVHAKNDNEPKPLHGGKLEAPERVDYPFMDVDVYEHRREDQI,18.1541
MFVSLKNIGRYFNKKYNLEDFWGFLTMKGSKQNNFLFRRKGEYQRKGRKK,17.4319
MSGGIVSVADYFNFFLKNSTPVNLNHSMYRESYARLLAQFAPSKEDETIKSSSSKKSSSSPARVEAERKYWPRALMSAIIKGEDDIAPHTEYSQQKNQQPQPLFIASMSVFLLGALCRVHYYSDEAKREAQSSSILFSVLHNLLYILDTGVCTSQKRSNHSNNNHNPTPLFLPIALQKHIVHLSLHLQQQLSLLSRKLLKFSLLPEQQKAQIREEYQQKSPGVGGGGGLILLDIQHFKKYMQKQLQQQQQQQQQTSDKK,17.961
MSTFCCTTRFVFCCRAGKSASPKIIQSNGGLKVNDPPFFAQEEAASATSMSPIASISPIASISSVASSSPQGIHPKYARAKPFKPTPLFKYVNDKDGPTVKEVVVTPQERLAFVRYVRANWLREPSSSLPAEPPPSVYDGGSIVCTEEPTFKLGVTCDEIVKAREESEEDFAASSDRAVSNDRVEEPAIQAADSSSNELSLPGFAQTKPKLSAQEEIDAIVYETNEMKDGVCRASSQSGFDAFEKLQKRGLTTKFRDGDEVISSPETSHSGCEGTEEPLSA,17.5495
RALVVRAVAWCSLLAGCADGIDYLTEVGHEPADSTAPPVASTLYQRGAQAFERHEGESNQSAESITLRNTGSAQLGFSIHQAHPSKDTVVIGDLLNLTYDAAQTRSDGSFQCAGQVTPKLLLGVTPAALTPTSWVSVNHRTLVDAASWTRCRMFARTPGLITPGQRTRT,18.8677
